{"epoch": 111, "train_losses": [0.013090073291421986, 0.005879842384244906, 0.005358928048013564, 0.005133663623509645, 0.0049728876788062435, 0.00487891387633935, 0.004737583188468274, 0.004668767619106415, 0.004605306911883344, 0.004576034269879692, 0.004525486519763693, 0.004460308923326421, 0.004459586648939972, 0.004417518811740181, 0.004400175177295822, 0.004387704551547308, 0.004411042070353372, 0.004344618470952848, 0.0043689206358454935, 0.00434913642446474, 0.0043588789197973, 0.004322767619401391, 0.004323533632066841, 0.0043310345634034785, 0.00429223741330957, 0.00427930646556579, 0.004252542715066736, 0.004255031111666099, 0.004266037688570969, 0.004247254087094003, 0.0042408171896293366, 0.004248730190158145, 0.004216988659908337, 0.004252676652494469, 0.004229626936589618, 0.004221488390000703, 0.0042292825967804, 0.0042292796243723705, 0.004213892330950772, 0.003955342712268692, 0.003925844641111551, 0.003975707599987819, 0.003947674459989073, 0.003900337414306118, 0.0039280429718977555, 0.003913034846840153, 0.003910339042910411, 0.003915769907515518, 0.003909022793048088, 0.0038800973344813644, 0.0038862359726089596, 0.003875520903426399, 0.003899114850582715, 0.0038942695338337304, 0.0038938868481583487, 0.003861743796076698, 0.0038800297959993655, 0.0038577592460130997, 0.003865965937890618, 0.003849816174031905, 0.003849236828478569, 0.003783659961308569, 0.0037783216679535044, 0.0037742609598350476, 0.0037822060004203775, 0.0037599874002975727, 0.0037672724702497687, 0.003762565913521049, 0.0037596226756811636, 0.0037665373055924653, 0.003746717263661704, 0.003742518445272302, 0.003728708866565051, 0.0037516869386521865, 0.003741641332507929, 0.0037417708602923124, 0.0037267212132423974, 0.0037348013966992492, 0.003724751900854573, 0.0037016013640072004, 0.003708333458315552, 0.0037148521527478793, 0.0036869410344017328, 0.003698925148177073, 0.0037163048170286853, 0.0036881880043912736, 0.003707966867214932, 0.003709816267612654, 0.0036876762062067353, 0.003681015549345854, 0.0036936828157030995, 0.003694110599911562, 0.0037003304682864577, 0.003682011280758103, 0.003665945113717665, 0.00368213473945907, 0.003665868545761397, 0.0036729870318401186, 0.0036652893675181305, 0.0036759228058474685, 0.003670315004974656, 0.0036535150255963527, 0.003639692342965524, 0.0036430071931993764, 0.0036263238531389183, 0.003621471320931244, 0.0036391732449194488, 0.003625269045137724, 0.0036393765327578406, 0.0036454007243155676, 0.0036193878257862527], "val_losses": [0.005375773448678147, 0.004442942462795611, 0.0040863365877892325, 0.0039378569032045545, 0.003993598447723582, 0.003966277465780612, 0.003720363605901846, 0.00385861224024067, 0.0035205649253311415, 0.0035703804285279134, 0.0036778747116069763, 0.004428936264642766, 0.004107742989512289, 0.0033780615512513097, 0.0034267770344062667, 0.003553628407514976, 0.00337430720747167, 0.0033217397830322478, 0.0033968560929247987, 0.003287052446960309, 0.003486065302932776, 0.0037361081259853954, 0.0034538769402628565, 0.003381974602738738, 0.003321620372954084, 0.003234104974879805, 0.003463395034269571, 0.00317958057800329, 0.0035089161426088747, 0.003313978033894428, 0.003402214917525223, 0.0035442319640424103, 0.0037823623923427373, 0.0036127317809887018, 0.0034587078922433197, 0.0034322444317676573, 0.003429847380049441, 0.003387384268636298, 0.003258482861714944, 0.0033710108923694073, 0.003099575200874894, 0.003071110464786619, 0.0032499748778116655, 0.003123587398914862, 0.0030913144324529523, 0.0032412664087298976, 0.0031295889820977256, 0.0031108842556795448, 0.003072950619890014, 0.0030637416323465254, 0.003159141350027648, 0.00312643283664117, 0.003273064015791896, 0.003203142029738856, 0.0032813260761005336, 0.0031630702072073255, 0.0030748344393798374, 0.0032278765933002594, 0.003469160077078774, 0.0031045377349238697, 0.0030723296604764604, 0.003059464741356781, 0.0030673518018872704, 0.0030483921805752458, 0.0030207886690950675, 0.00308717904606024, 0.003027796645314553, 0.0030488555111568764, 0.0030650557044547455, 0.003165699062259615, 0.0032020850251236843, 0.003082451151282384, 0.0030510381454113135, 0.0030780976932956766, 0.002997228126619495, 0.003057527133224564, 0.003081206039083552, 0.0029882531018830057, 0.0029849256126665185, 0.003140965500485437, 0.0030311435047297025, 0.0030004121143406472, 0.0030376115251455472, 0.0030288296645833235, 0.003205973617432098, 0.002968646096391937, 0.003040065471340375, 0.003072190511638044, 0.0029709752950851562, 0.002962096530311683, 0.0029532081680720074, 0.0031259897462784436, 0.003171832152682506, 0.003055367416254631, 0.00298186368256804, 0.003071833044796678, 0.0030412154063464755, 0.003143157694983077, 0.0030689498740411113, 0.003040714575948718, 0.0029850932530422606, 0.002968954984367805, 0.002999028528550514, 0.003035742798947402, 0.0030186052196378194, 0.0029776085264023324, 0.0030454911282975917, 0.0030802501196517656, 0.0030402389669930228, 0.003015209727947992, 0.0030071482412767983], "best_val_loss": 0.0029532081680720074, "patience_counter": 19, "y_min": -2.944272041320801, "y_max": 4.761992454528809}